MonthID,Month,Year,Population,Wood_Energy_Consumption_In_Industrial_Sector,Wood_Energy_Consumption_In_Residential_Sector,Wood_Energy_Consumption_In_Commercial_Sector,Wood_Energy_Consumption_In_Electric_Power_Sector,Solar_Energy_Consumption_In_Industrial_Sector,Solar_Energy_Consumption_In_Residential_Sector,Solar_Energy_Consumption_In_Commercial_Sector,Solar_Energy_Consumption_In_Electric_Power_Sector,BioMass_Energy_Consumption_In_Industrial_Sector,BioMass_Energy_Consumption_In_Residential_Sector,BioMass_Energy_Consumption_In_Commercial_Sector,BioMass_Energy_Consumption_In_Electric_Power_Sector,Other_Bio_Fuels_Energy_Consumption_In_Industrial_Sector,Other_Bio_Fuels_Energy_Consumption_In_Residential_Sector,Other_Bio_Fuels_Energy_Consumption_In_Commercial_Sector,Other_Bio_Fuels_Energy_Consumption_In_Electric_Power_Sector,Wood_Energy_Production,Solar_Energy_Production,BioMass_Energy_Production,Other_Bio_Fuel_Energy_Production,Inflation,Wood_Energy_Production_Cost_Inflated,Solar_Energy_Production_Cost_Inflated,BioMass_Energy_Production_Cost_Inflated,Other_Bio_Fuel_Energy_Production_Cost_Inflated
201001,Jan-10,2010,311182845,378.6391245,147.5274127,19.54799276,55.79356407,0.504526527,11.26668792,2.278403233,0.308500297,619.0251265,0,29.9116746,124.033187,0.411333729,0.565583877,2.484070097,0.385625371,679.7064922,17.66164198,904.3750468,4.415410496,0.745730658,35,40,28,28
201002,Feb-10,2010,311182845,348.7017416,133.2496333,17.65200135,52.47397234,0.546302609,12.14398564,2.455148194,1.028334322,569.9189491,0,26.67242148,115.9189865,0.787318465,0.488458803,6.015755785,0.835521637,485.8301234,18.59999705,691.1370709,8.772977186,0.745730658,35,40,28,28
201003,Mar-10,2010,311182845,381.7434088,147.5274127,19.52871149,52.84352998,0.751969473,16.73292755,3.383862629,2.37802312,627.8655882,0,30.13983628,124.9136982,1.015480143,0.671630854,6.362818619,2.04702801,457.2488564,17.66806907,994.3093103,8.679784388,0.745730658,35,40,28,28
201004,Apr-10,2010,311182845,366.1545032,142.7681529,18.90849735,47.8046918,0.829094547,18.44253336,3.730925463,3.515617964,604.3231593,0,30.11412792,116.712732,0.996198875,0.369557647,4.142259192,3.094643601,575.6358452,23.86699691,630.9666588,8.859742895,0.745730658,35,40,28,28
201005,May-10,2010,311182845,371.2640393,147.5274127,19.53513858,45.85728368,0.9190738,20.35780604,4.119764378,4.794608777,613.1379125,0,32.00369223,115.6233404,0.9190738,1.018693688,4.203316542,5.993260972,718.5486077,35.32649751,601.0067811,13.59008078,0.745730658,35,40,28,28
201006,Jun-10,2010,311182845,372.536603,142.7681529,18.91813798,52.07549279,0.928714435,20.54097809,4.177608184,5.488734445,608.1119285,0,30.04664348,124.4413072,1.330407529,0.411333729,5.890427539,5.655838772,574.5753755,36.12024307,762.5998792,13.28479403,0.745730658,35,40,28,28
201007,Jul-10,2010,311182845,385.2622403,147.5274127,19.56406048,55.51077213,0.970490517,21.56609886,4.383275048,5.032411089,630.153632,0,30.45155012,128.6157018,1.089391673,0.86444354,6.574912573,4.177608184,778.0666701,26.84273935,852.3606113,13.46475253,0.745730658,35,40,28,28
201008,Aug-10,2010,311182845,387.3317631,147.5274127,19.55763339,57.83095145,0.964063427,21.34115073,4.335071877,4.878160941,634.9193189,0,30.8596703,130.7559226,0.964063427,1.070110404,5.16095288,5.610849146,691.8408372,39.08313133,661.1257764,11.64909974,0.745730658,35,40,28,28
201009,Sep-10,2010,311182845,380.9432361,142.7681529,18.91492444,51.63202361,0.877297719,19.46444059,3.952660051,4.290082251,619.8510075,0,29.25932501,121.4398564,1.150449023,0.584865146,7.590392716,5.835797279,505.1210326,30.87252448,932.3682351,18.94705989,0.745730658,35,40,28,28
201010,Oct-10,2010,311182845,381.4445491,147.5274127,19.5222844,48.15496818,0.7969591,17.73876706,3.599170128,2.349101217,636.5871486,0,29.10828841,117.609311,1.021907233,0.53344843,8.782617821,3.149273862,596.6492144,29.38143971,689.3085639,10.24799423,0.745730658,35,40,28,28
201011,Nov-10,2010,311182845,376.6435132,142.7681529,18.93099216,52.3711389,0.65556313,14.55093066,2.953247632,2.394090844,633.2996923,0,28.34346476,125.3635945,0.578438056,0.292432573,4.637145084,2.037387376,502.1067276,24.66716955,826.3598207,8.747268828,0.745730658,35,40,28,28
201012,Dec-10,2010,311182845,397.2198403,147.5274127,19.56727403,56.2048978,0.623427683,13.81181537,2.83756002,1.343261708,659.2329985,0,29.41357516,130.7848445,0.520594251,0.414547274,4.797822322,1.009053054,527.4423145,18.98883597,647.3525236,5.591567877,0.745730658,35,40,28,28
201101,Jan-11,2011,313876608,402.457516,141.8582936,18.73666227,53.86511632,0.818793097,12.21817715,3.746695262,1.156505425,659.6859872,0,30.12648843,119.2729851,1.041810672,0.245319333,4.234147962,1.124645772,512.0419805,21.88758201,695.8148343,5.381095491,0.768102578,37,43,31,28
201102,Feb-11,2011,313876608,356.8663518,128.1299688,16.97163747,49.53220343,0.88569837,13.17078079,4.087593555,2.504168772,586.9249103,0,27.56815825,110.9671734,1.287130005,0.264435125,5.846246433,2.281151197,446.7169468,16.10824085,689.1880264,10.35120145,0.768102578,37,43,31,28
201103,Mar-11,2011,313876608,384.7562925,141.8582936,18.66657104,48.72296823,1.220224732,18.14725868,5.626414823,3.600140855,638.9580966,0,30.32083232,115.3383179,1.28394404,0.363200051,9.341250432,5.400211283,451.4449194,34.029296,870.9282343,17.0417287,0.768102578,37,43,31,28
201104,Apr-11,2011,313876608,366.688683,137.2832473,18.17911834,38.06910007,1.347663347,20.00149052,6.266793861,4.807621726,604.1131934,0,29.44787781,100.7912001,1.389080896,1.000393123,10.34164355,5.435256902,459.3811591,33.07350639,616.8570549,13.62318787,0.768102578,37,43,31,28
201105,May-11,2011,313876608,364.3023949,141.8582936,18.67294297,41.99420939,1.491031788,22.0819259,6.929474655,5.591369205,611.7021629,0,31.03767452,107.3925203,1.745909017,0.662680795,7.971285328,4.97647789,459.1326538,33.20731693,840.148623,15.81513204,0.768102578,37,43,31,28
201106,Jun-11,2011,313876608,381.4524464,137.2832473,18.15044465,49.80938242,1.513333545,22.27945575,7.050541339,6.512113193,624.6722279,0,30.74456571,118.4478201,1.694933571,0.44603515,12.2691526,6.448393886,651.2336211,28.76608122,858.9904221,25.02894386,0.768102578,37,43,31,28
201107,Jul-11,2011,313876608,388.4010369,141.8582936,18.80038158,54.03397248,1.583424783,23.3881717,7.33090629,5.591369205,634.9851978,0,31.44229213,125.265786,1.427312481,1.172435252,12.8298825,6.990007997,639.2798791,32.58923965,886.6987628,25.55144218,0.768102578,37,43,31,28
201108,Aug-11,2011,313876608,388.4201527,141.8582936,18.71436052,54.69983924,1.567494956,23.14603833,7.286302775,6.738316734,638.8688895,0,31.81823604,125.5907544,1.491031788,0.694540448,15.08554597,8.895215282,507.1037342,46.10091874,772.3926977,28.51757593,0.768102578,37,43,31,28
201109,Sep-11,2011,313876608,380.2608954,137.2832473,18.04849376,49.3601613,1.427312481,21.11020647,6.585390396,5.489418313,619.418571,0,30.17109195,116.4597777,1.886091492,0.213459679,11.72435252,5.052941059,555.7056358,27.34514067,681.7870289,14.15205812,0.768102578,37,43,31,28
201110,Oct-11,2011,313876608,377.1131616,141.8582936,18.54550435,44.7341396,1.299873866,19.2400448,6.005544701,4.680183112,632.2739412,0,30.56615165,113.3279738,1.522891441,0.194343887,8.108281838,5.056127024,524.0275822,33.10218008,582.1268465,18.44673943,0.768102578,37,43,31,28
201111,Nov-11,2011,313876608,385.2883487,137.2832473,18.08672534,43.54258856,1.060926464,15.78327239,4.868155068,3.189151324,642.4339848,0,30.61394113,113.7071037,1.124645772,0.790119409,6.719200942,2.743116174,741.9380548,29.88435506,889.0340755,13.76337035,0.768102578,37,43,31,28
201112,Dec-11,2011,313876608,404.2575865,141.8582936,18.77170789,51.98858272,1.006765053,14.98040912,4.61964977,3.609698751,671.843631,0,31.25432017,124.8324947,0.767817651,0.602147453,7.761011614,5.056127024,734.0846502,27.85170917,645.7888063,12.05250695,0.768102578,37,43,31,28
201201,Jan-12,2012,316651321,397.0487147,117.1825208,16.22604947,53.1720504,1.329538114,13.48802205,6.022397109,2.741185469,648.9535536,0,28.78560548,121.7206354,1.010575288,0.675822224,11.9247884,2.305374876,548.6129016,30.18462064,615.5856208,16.07130513,0.78346463,38,41,30,27
201202,Feb-12,2012,316651321,372.7064824,109.6221544,15.1965259,50.61087366,1.43375369,14.53965196,6.537158896,3.881240717,607.3494322,0,27.26342645,113.4244439,1.866406236,0.148428245,7.389831795,3.767550997,608.4326425,24.28222935,920.0877453,13.29538114,0.78346463,38,41,30,27
201203,Mar-12,2012,316651321,377.8035715,117.1825208,16.17552071,49.28765164,1.97377986,20.03465509,9.054122973,6.650848616,624.4028901,0,28.52664556,118.1583575,1.856932092,0.202115058,12.94799588,7.648791713,622.1006733,28.28663393,709.401746,22.6526767,0.78346463,38,41,30,27
201204,Apr-12,2012,316651321,361.9880683,113.4023376,15.70497159,40.12931309,2.182211013,22.08107005,10.06154021,9.161496598,595.7815032,0,27.96135501,104.8977149,3.20857654,0.442126689,16.60185716,11.72898944,563.0988667,50.44665517,735.9293473,27.18131721,0.78346463,38,41,30,27
201205,May-12,2012,316651321,382.1458872,117.1825208,16.16288852,44.26951372,2.403274357,24.37381273,11.17633108,13.37749038,623.799703,0,28.93087567,113.1339035,3.366478929,1.219006441,18.77775208,12.57534624,604.5419277,40.04088775,735.2314188,34.85853135,0.78346463,38,41,30,27
201206,Jun-12,2012,316651321,376.1677028,113.4023376,15.74286816,51.71934842,2.431696787,24.59487608,11.31844323,15.26600295,607.4410155,0,27.89819405,119.7468556,1.94535743,0.985310906,22.07159591,18.01666256,523.6106373,54.68475529,604.0713786,46.45804083,0.78346463,38,41,30,27
201207,Jul-12,2012,316651321,390.9347342,117.1825208,16.28921043,56.01113535,2.561176746,25.82019862,11.81109868,14.7733475,615.9172158,0,29.02245906,127.5977623,2.766449852,1.03583967,20.78942851,15.21863223,592.0265843,68.70964546,988.8479196,50.55087075,0.78346463,38,41,30,27
201208,Aug-12,2012,316651321,394.7686042,117.1825208,16.28289433,56.62695467,2.529596268,25.55176455,11.65003825,13.37117428,626.0798135,0,29.45826965,127.8093515,3.341214547,1.279009349,12.58482039,12.30375413,473.7387469,43.54632078,791.1825512,29.79618077,0.78346463,38,41,30,27
201209,Sep-12,2012,316651321,384.7670669,113.4023376,15.68286525,52.07620782,2.308532924,23.30323454,10.74999463,13.19116556,601.4975696,0,28.20768273,119.1531426,2.978039053,0.233695535,19.67463764,10.68683367,554.6100343,41.62622773,846.2115337,41.29147467,0.78346463,38,41,30,27
201210,Oct-12,2012,316651321,388.149336,117.1825208,16.16920461,47.7054697,2.100101771,21.23787129,9.770999818,12.47113067,616.1035406,0,29.1835195,118.7141739,2.772765947,0.637925651,18.66406236,14.21753109,506.5950759,38.74608816,840.4038839,42.45995235,0.78346463,38,41,30,27
201211,Nov-12,2012,316651321,387.8240571,113.4023376,15.74602621,47.43071955,1.721136038,17.42294958,7.974070634,10.07101436,613.687634,0,28.10346716,118.6194325,1.790613089,0.524235931,16.1881529,9.973114876,434.5915866,33.09949874,669.1619013,33.31108794,0.78346463,38,41,30,27
201212,Dec-12,2012,316651321,403.5321867,117.1825208,16.25762995,51.59618456,1.626394605,16.5386962,7.535101993,10.17838798,636.3276785,0,29.2561546,126.4956037,1.724294086,0.498971549,11.75741187,8.754108435,723.941398,35.16170394,815.8437463,21.13997181,0.78346463,38,41,30,27
201301,Jan-13,2013,319375166,400.8639795,152.0187077,18.64891399,53.62032438,1.477885729,15.50840681,6.850877065,8.958116675,628.7589687,0,31.22972936,122.376453,1.346378948,0.156555692,13.29157822,9.318194765,800.1968444,31.4864807,790.1898046,29.17258758,0.791299276,42,42,29,28
201302,Feb-13,2013,319375166,360.0499107,137.3087349,16.86104799,47.90604164,1.596868055,16.71701675,7.533459881,12.45243971,566.8912905,0,28.12992667,108.6840922,1.565556916,0.504109327,17.47787741,14.69431722,477.8079708,38.6849114,570.0036176,43.14048638,0.791299276,42,42,29,28
201303,Mar-13,2013,319375166,389.5857075,152.0187077,18.67709401,53.15691953,2.204304138,23.03247335,10.42034683,17.81290659,623.8869556,0,31.86534547,123.6664719,3.21878502,0.463404847,12.6089954,16.56672329,625.7092638,58.28255288,740.4489302,29.24147208,0.791299276,42,42,29,28
201304,Apr-13,2013,319375166,372.7246595,147.1153834,17.80351325,42.73970381,2.436006562,25.38707095,11.51936779,19.11544995,608.0247329,0,30.559671,108.2050318,2.216828593,1.017611996,16.36006977,18.16046023,731.28416,65.47472135,657.1769578,33.59998254,0.791299276,42,42,29,28
201305,May-13,2013,319375166,386.1164334,152.0187077,18.52366943,48.02189285,2.680233441,28.0234688,12.70292882,21.62034101,630.6752104,0,32.02190116,117.2539508,3.40665185,0.560469376,27.8199464,25.0802218,610.7300152,83.23753012,974.9411762,70.51268351,0.791299276,42,42,29,28
201306,Jun-13,2013,319375166,386.5704449,147.1153834,18.04774013,52.55574568,2.708413465,28.27708902,12.87827119,25.07082846,625.7938039,0,31.48961181,120.7232249,3.090409353,0.848531849,15.84030488,28.58080706,664.7198111,53.0817728,700.2078552,58.02893266,0.791299276,42,42,29,28
201307,Jul-13,2013,319375166,412.7559498,152.0187077,18.65517621,57.76278798,2.836789132,29.68609025,13.41995389,23.8810052,655.8744145,0,32.28804584,128.015589,3.744812144,1.48727907,26.97454567,20.06104632,634.7832317,78.90093746,816.1780494,42.33579013,0.791299276,42,42,29,28
201308,Aug-13,2013,319375166,400.6166215,152.0187077,18.6739629,62.33734529,2.808609108,29.37610998,13.32288936,27.29078816,639.7742272,0,32.32561921,132.8155865,3.654009842,1.471623501,18.25439364,26.47356745,519.5926849,74.25436454,933.7044071,62.80701236,0.791299276,42,42,29,28
201309,Sep-13,2013,319375166,374.9727992,147.1153834,17.91936446,56.47276908,2.567513343,26.79294106,12.26457288,27.39098381,606.2368669,0,30.97297803,123.0026758,3.647747615,1.073972045,30.17141289,27.39098381,703.8493406,53.83324012,965.472688,47.95613946,0.791299276,42,42,29,28
201310,Oct-13,2013,319375166,385.4275883,152.0187077,18.75850297,54.86337657,2.338942033,24.41955678,11.29705871,28.51505367,639.6583759,0,31.66495419,122.4891731,2.432875448,1.221134395,23.04812892,31.08256701,580.5147668,51.25946455,952.5756301,63.5616108,0.791299276,42,42,29,28
201311,Nov-13,2013,319375166,387.4596812,147.1153834,18.21368916,58.01327709,1.919372779,20.02973519,9.227392464,23.8590874,640.8481992,0,30.69117779,126.9948459,1.481016843,1.001956426,9.506061595,18.13541132,629.1284401,62.19331405,710.6970866,23.49274708,0.791299276,42,42,29,28
201312,Dec-13,2013,319375166,405.1160321,152.0187077,18.91192755,62.02736502,1.819177137,19.0152543,8.754594275,24.67004589,671.3139368,0,32.20037465,136.1752717,2.601955595,0.190997944,13.30723379,22.45008618,714.6454211,43.95144487,990.83471,48.95809588,0.791299276,42,42,29,28
201401,Jan-14,2014,322033964,395.6321824,152.5801794,20.30531165,66.39361803,1.841420677,18.51668043,9.331313886,21.67783768,646.9131312,0,35.07704548,140.8019186,1.915946978,0.372631503,20.81146944,32.30094078,717.4522747,61.64256637,724.0571681,50.96356855,0.807125262,43,41,33,30
201402,Feb-14,2014,322033964,358.7447689,137.8146561,18.27446996,62.00588209,1.953210128,19.62215389,10.0921032,24.03473194,585.5189858,0,29.85709917,130.8371312,2.776104697,0.198736802,16.95473338,22.11257444,478.7786918,44.0077805,850.6835633,36.99299245,0.807125262,43,41,33,30
201403,Mar-14,2014,322033964,391.1885518,152.5801794,20.20594325,68.73809124,2.779209959,26.92883661,13.61968143,37.98978172,642.711711,0,32.9126775,143.5190234,2.502841595,0.810473519,28.05915217,47.10993776,620.0588209,90.26377106,827.3350944,60.42530346,0.807125262,43,41,33,30
201404,Apr-14,2014,322033964,376.0100286,147.6583383,19.1656803,56.20525169,3.033841486,29.45962557,14.74378647,42.9054123,625.8718723,0,31.75130931,128.0641318,2.397262669,1.474999699,29.34162559,59.63967204,766.7731594,109.9759776,628.5517139,100.2782427,0.807125262,43,41,33,30
201405,May-14,2014,322033964,382.7950272,152.5801794,20.13141695,53.67446273,3.338157214,32.65183544,16.24983879,50.50088443,635.9360282,0,33.41262476,127.5548687,3.105262524,0.329157828,39.48962352,64.13919744,749.2936366,95.54892788,637.5228173,89.92840271,0.807125262,43,41,33,30
201406,Jun-14,2014,322033964,386.648658,147.6583383,19.89231173,67.86551247,3.378525627,33.09278272,16.20015459,55.5997255,636.939028,0,33.05862483,140.8702344,3.279157226,0.993684008,25.92273155,48.37377961,646.9503943,113.6867663,713.564486,80.92003612,0.807125262,43,41,33,30
201407,Jul-14,2014,322033964,398.3275503,152.5801794,20.21525903,70.68819611,3.515157178,34.6360982,16.73115448,51.62809473,657.3778659,0,34.25415091,147.7701277,5.027420027,1.388052348,33.29773005,67.1171442,738.0836389,87.33861376,1057.649311,86.52814024,0.807125262,43,41,33,30
201408,Aug-14,2014,322033964,402.8612336,152.5801794,20.16246957,70.10440675,3.48099929,34.49015086,16.51068084,54.2986205,653.4497088,0,34.04609832,144.2083916,2.717104709,1.726525964,16.67836502,74.93308998,697.3674367,104.4299787,756.8518456,94.12671764,0.807125262,43,41,33,30
201409,Sep-14,2014,322033964,376.429239,147.6583383,19.34889079,64.70435522,3.1735783,31.97178295,14.87731275,53.0223576,618.8477685,0,32.48725653,134.2280779,3.397157202,1.27936816,19.34268026,48.25267437,748.0142685,96.86245392,667.7308112,87.44419269,0.807125262,43,41,33,30
201410,Oct-14,2014,322033964,387.0554474,152.5801794,19.95441698,62.97161873,2.999683599,29.78567813,13.43336568,49.60967409,642.7334478,0,32.74809858,131.6724468,2.282367955,1.490526012,26.73320507,45.64114858,759.5254766,79.5381943,895.9427646,67.00535475,0.807125262,43,41,33,30
201411,Nov-14,2014,322033964,382.8447114,147.6583383,19.24952239,67.08609158,2.415894244,24.65888971,10.80631358,39.89330765,635.5416598,0,31.51841462,135.4732882,3.384736152,0.742157743,17.18452281,46.2777274,573.6599882,64.55530262,738.3320599,75.69077403,0.807125262,43,41,33,30
201412,Dec-14,2014,322033964,403.8269703,152.5801794,19.99168013,69.7690384,2.223367967,23.92294249,10.30326106,29.84778338,674.7021255,0,32.88162487,141.2304449,2.291683743,0.95952612,24.00678458,23.58136361,568.6294629,50.38598972,916.7200761,55.41030449,0.807125262,43,41,33,30
201501,Jan-15,2015,324607776,399.6761926,134.1526705,21.0007292,68.180745,2.310480695,19.9995209,9.975115322,32.55929396,660.4586084,0,39.10565593,137.957262,2.242706595,1.001208301,11.47230681,44.28113269,591.8619768,59.65969219,1088.7786,54.27473185,0.807125262,43,38,33,32
201502,Feb-15,2015,324607776,357.7425083,121.1708496,19.04144157,64.45008884,2.470674024,21.95264725,10.88698504,41.89671661,591.5508321,0,35.36575784,127.5600989,3.287043869,1.099788811,21.88487315,54.46573159,489.2951178,96.51031896,686.5762821,76.69563652,0.807125262,43,38,33,32
201503,Mar-15,2015,324607776,375.0557103,134.1526705,20.75427793,63.48892887,3.481124248,30.93271555,14.69157658,58.48904864,634.0759995,0,39.26584926,132.5014469,4.596316263,0.93035356,17.77837879,66.68047287,617.1910065,103.2908096,975.0721437,80.98080805,0.807125262,43,38,33,32
201504,Apr-15,2015,324607776,372.8438101,129.8274506,20.07961756,54.90010196,3.776865777,34.83896824,16.18568743,67.11484324,619.1811006,0,38.24307647,122.1289289,2.911205676,1.743642765,16.83570267,65.77476443,594.9826661,142.6429168,841.9176009,67.18877862,0.807125262,43,38,33,32
201505,May-15,2015,324607776,383.8632627,134.1526705,20.25829474,56.77929293,4.198913584,38.54189864,17.78454007,70.50970954,640.9827964,0,39.45992964,127.5385344,5.335670086,1.92848122,28.45588024,71.21517631,458.192967,108.7620279,646.3862406,118.6940143,0.807125262,43,38,33,32
201506,Jun-15,2015,324607776,373.1703581,129.8274506,19.92866616,63.49509015,4.189671661,39.22580092,17.63974995,72.1178041,629.1192482,0,38.74522094,134.7349116,5.489702132,1.571126873,19.05376413,64.90602369,445.6824842,171.7950219,690.2360836,81.00545318,0.807125262,43,38,33,32
201507,Jul-15,2015,324607776,389.2759488,134.1526705,21.0161324,68.86464728,4.368348835,41.66874918,18.41299082,74.05244661,651.7157494,0,41.05570164,147.7506195,3.496527452,1.250740216,30.75095773,63.68608989,662.374767,173.1289395,815.3070246,116.0415824,0.807125262,43,38,33,32
201508,Aug-15,2015,324607776,390.3449312,134.1526705,20.64337485,70.74383825,4.291332811,41.55476547,17.83383033,75.77144424,647.9111579,0,40.15307384,147.0667172,4.035639614,0.83177305,35.66766065,100.7770066,769.858329,105.9832898,718.2144645,125.7671658,0.807125262,43,38,33,32
201509,Sep-15,2015,324607776,372.8838585,129.8274506,20.14431102,61.41257688,3.927817182,37.7563352,15.87146206,62.51852697,620.2531636,0,39.26276862,132.6369951,3.419511429,0.378918834,38.25231839,86.90179991,631.0107617,94.85909543,839.6841362,156.025221,0.807125262,43,38,33,32
201510,Oct-15,2015,324607776,370.0927978,134.1526705,20.6094878,53.78490995,3.632075653,34.17663045,13.99843237,53.84036148,633.1826136,0,38.95470452,127.3536959,3.342495406,1.025853429,29.53718521,54.91858581,746.4454579,120.4407377,631.5991642,67.50608464,0.807125262,43,38,33,32
201511,Nov-15,2015,324607776,374.2917114,129.8274506,19.97795641,59.1329026,2.914286317,28.25871922,11.3059522,48.84972318,634.4579989,0,38.58502761,135.3417979,2.507641715,0.566837931,24.08445077,57.15513112,495.7459799,96.80914113,889.223923,76.72028165,0.807125262,43,38,33,32
201512,Dec-15,2015,324607776,387.4368062,134.1526705,20.80356818,66.0058125,2.710964016,26.07762545,10.70214658,44.36122935,659.6237547,0,39.77107437,144.3927209,2.144126085,1.044337274,14.34346416,51.01541375,577.9806088,72.11472346,945.0420559,52.77754036,0.807125262,43,38,33,32
201601,Jan-16,2016,327210198,387.3687335,115.1003246,21.91251998,63.23152557,3.233395556,24.80362791,10.5161759,41.1417495,645.1877151,0,40.15767259,134.085063,4.043272514,1.240792623,24.60803499,53.48549681,640.4995971,98.82332579,868.5976224,100.8831638,0.815196514,42,38,35,33
201602,Feb-16,2016,327210198,362.1830882,107.6739057,20.46085373,62.63557837,3.566514758,29.38783711,12.34069117,62.08547327,607.429112,0,37.7188733,130.8975095,3.960756749,1.470003083,21.71998319,63.32932203,414.7150695,128.8590645,946.7767261,67.85852072,0.815196514,42,38,35,33
201603,Mar-16,2016,327210198,371.1589698,115.1003246,21.33490962,59.50303542,4.886767007,39.32640266,15.9133182,72.53135796,635.6342231,0,40.51218477,131.6279268,4.694230221,0.394241991,19.25673478,97.91870851,601.1242963,140.6190891,1050.107858,99.03114328,0.815196514,42,38,35,33
201604,Apr-16,2016,327210198,352.2506349,111.3871151,20.90093781,46.56028477,5.323794951,44.45154854,17.26413185,79.87831724,594.8041998,0,39.06051852,119.3666953,6.76323664,0.889336585,38.32704505,99.85018865,589.5201347,163.0817142,843.6197945,150.2000864,0.815196514,42,38,35,33
201605,May-16,2016,327210198,369.3466791,115.1003246,21.28295525,48.04556856,5.876956194,49.2802489,18.71274195,95.2231935,627.1656606,0,40.36854622,121.1362,4.819531939,1.479171502,21.52133412,113.3185953,614.6935555,138.6570476,646.7127287,151.0130195,0.815196514,42,38,35,33
201606,Jun-16,2016,327210198,370.199342,111.3871151,21.17599036,55.42614537,5.895293031,50.95195719,19.06114185,96.42731245,622.6059006,0,40.08432524,126.1299319,5.659970292,0.510375291,44.98637295,74.25196448,569.3526704,132.7006318,915.0326054,96.56178259,0.815196514,42,38,35,33
201607,Jul-16,2016,327210198,379.2210657,115.1003246,21.71387091,61.32449454,6.112278933,53.04235658,19.62347152,109.6542841,641.1933408,0,41.45041959,133.2507369,6.051156144,0.531768267,24.5316315,125.0083287,612.0041528,222.352483,1019.870414,118.6515587,0.815196514,42,38,35,33
201608,Aug-16,2016,327210198,380.1898619,115.1003246,21.95530593,65.38916003,5.986977215,51.48678159,19.11309622,110.2716242,645.0471327,0,41.65212479,138.929044,8.382990557,2.059838001,45.49063596,90.42505454,565.1565909,147.6207047,924.7052868,125.8640478,0.815196514,42,38,35,33
201609,Sep-16,2016,327210198,357.2871528,111.3871151,21.09041846,58.26529893,5.424647553,45.86348498,17.06548278,101.1245988,607.1723963,0,39.70536395,126.5516792,5.479658064,2.295160739,39.0819115,104.1593453,685.0397737,188.123721,641.9482072,123.8286589,0.815196514,42,38,35,33
201610,Oct-16,2016,327210198,365.2728452,115.1003246,21.53355868,47.89276158,4.978451191,41.0103355,15.11872194,88.77779537,628.0886148,0,40.08126911,114.3546266,7.270555791,0.412578828,21.01707111,98.5452171,500.3175359,145.3897228,735.5730398,120.8764282,0.815196514,42,38,35,33
201611,Nov-16,2016,327210198,372.763443,111.3871151,20.82759047,54.51235967,3.963812888,33.48000786,12.08703159,77.00860228,633.7852587,0,39.81232883,128.0950296,4.400840832,1.341645226,18.13207546,105.5040467,615.4423097,124.0089711,625.3228086,115.1431105,0.815196514,42,38,35,33
201612,Dec-16,2016,327210198,436.8201262,115.1003246,21.73832003,63.0328765,3.639862105,30.48804732,11.85476499,67.40315594,712.6917236,0,41.25482666,139.1460299,4.660612687,0.91684184,28.09814626,79.53602962,553.9222222,87.30779228,946.6789296,116.6039452,0.815196514,42,38,35,33
201701,Jan-17,2017,329791231,373.2512827,110.6336269,22.04121674,61.97253923,3.471893405,29.86737995,12.41694628,64.20425411,645.9632033,0,41.03201883,137.5900744,3.36879788,0.597347599,12.7899095,82.18229429,641.7271901,140.749649,948.2756684,105.8639428,0.831500444,38,37,34,35
201702,Feb-17,2017,329791231,340.0605882,99.92685342,19.77311519,56.06273989,3.878211061,33.42114333,13.69351146,75.90256395,583.6722808,0,36.83239231,123.0990887,4.03588657,0.336576566,32.59334691,62.24240692,567.4074457,133.241869,617.1934875,88.28918802,0.831500444,38,37,34,35
201703,Mar-17,2017,329791231,369.227525,110.6336269,21.26496808,63.49168211,5.579287219,48.23051223,18.87557768,124.7182949,638.4887778,0,39.72513144,137.1898212,4.575621964,1.931524977,33.78804211,98.5289994,508.1578412,171.741983,896.946226,115.2213777,0.831500444,38,37,34,35
201704,Apr-17,2017,329791231,349.8576953,107.0647024,20.62213716,50.91706031,6.061410408,53.87044387,20.90413374,135.5827439,598.5271331,0,38.62140288,118.3839846,5.518642793,0.539735394,52.26033436,105.7547828,449.1932655,218.5837379,846.19897,177.1969492,0.831500444,38,37,34,35
201705,May-17,2017,329791231,357.8779207,110.6336269,21.32258028,50.81396479,6.777014638,59.42547332,23.06307532,159.9375455,620.1044199,0,40.19815797,122.2834212,7.389523344,0.594315378,26.9867697,204.7204221,659.5930381,204.3474588,853.021468,227.7016274,0.831500444,38,37,34,35
201706,Jun-17,2017,329791231,366.3681403,107.0647024,20.71613602,55.85958106,6.867981278,61.45099716,23.33597524,169.0736283,617.4269685,0,39.3066849,127.5776796,7.419845557,3.074672413,35.70440598,235.0153452,418.0068693,278.9825543,588.2357739,298.0794841,0.831500444,38,37,34,35
201707,Jul-17,2017,329791231,377.8693558,110.6336269,21.47722357,60.92339065,7.183332294,62.736659,24.10009501,153.903425,635.0684321,0,40.40434902,132.981098,7.686681032,1.255339624,24.5822182,124.6637149,690.7945954,267.7603032,1034.821329,124.966937,0.831500444,38,37,34,35
201708,Aug-17,2017,329791231,380.571065,110.6336269,21.51057801,63.83432311,7.007463458,60.75358626,23.4875863,148.3574923,647.1942852,0,40.7439578,135.6464205,8.760087378,3.038285757,24.42757491,133.5238656,449.7087432,251.5864347,889.4718004,210.487707,0.831500444,38,37,34,35
201709,Sep-17,2017,329791231,347.374306,107.0647024,20.37955946,54.74675583,6.340374769,54.40411483,21.17400144,139.8642404,598.2087498,0,37.86637978,121.267627,5.32761285,2.177134904,38.96101167,162.2450659,656.6639123,275.0133766,636.1691285,237.9262777,0.831500444,38,37,34,35
201710,Oct-17,2017,329791231,362.2200616,110.6336269,21.59851242,54.69824029,5.703608293,48.65502321,18.79067549,128.6723115,628.5885752,0,39.30971712,122.9323165,7.189396737,0.973343042,32.88444016,108.086561,455.7974436,240.1701214,782.9225756,168.5156996,0.831500444,38,37,34,35
201711,Nov-17,2017,329791231,365.4524095,107.0647024,21.1830981,57.72136494,4.417946455,38.06650638,14.91246443,88.6712479,635.6779086,0,39.45829597,128.0385772,3.359701217,0.764119771,37.13258222,127.6868396,463.1960636,184.0467371,738.9220122,141.9079575,0.831500444,38,37,34,35
201712,Dec-17,2017,329791231,383.3152253,110.6336269,21.99573342,64.31947852,3.926726602,35.59221379,14.48492122,83.98646597,657.1672611,0,40.69847448,138.050972,5.224517325,1.070374124,30.56479085,68.03091741,481.6198403,111.7737421,1086.693539,118.5174023,0.831500444,38,37,34,35
201801,Jan-18,2018,332140037,371.9214375,134.2174837,21.69265731,64.61732284,4.079604531,35.97880011,15.92701695,90.12162542,640.4316743,0,40.11862021,137.9719242,3.387125533,0.719576002,30.26133221,96.43221663,491.735358,151.9539784,679.376091,111.1790085,0.848130453,41,35,35,30
201802,Feb-18,2018,332140037,333.3684219,121.2289863,19.741673,56.75015927,4.326488348,39.31474241,17.42337374,105.877028,577.5064088,0,36.37321206,125.7722507,4.458962591,1.574637026,22.47847043,122.8186772,663.8615507,196.9922102,584.3258216,113.494297,0.848130453,41,35,35,30
201803,Mar-18,2018,332140037,365.613857,134.2174837,21.72878664,59.18587888,6.163063082,54.34454745,23.64966317,137.3005206,632.8956963,0,40.10055554,132.4531676,8.999216195,2.718732762,30.74606751,131.8088611,464.5992136,234.7473695,660.4714144,179.4965778,0.848130453,41,35,35,30
201804,Apr-18,2018,332140037,345.3242224,129.8879846,20.5575939,48.07008557,6.71704628,61.82332063,26.22688935,164.5269884,598.4222854,0,38.2639808,116.210019,7.391460609,2.474859723,44.06273972,161.2392185,500.3341407,313.7471801,828.1868169,240.9796805,0.848130453,41,35,35,30
201805,May-18,2018,332140037,362.3260872,134.2174837,21.19286812,51.87872006,7.439633061,68.02552382,28.73787841,186.0510421,626.5369327,0,40.25109445,120.9309193,10.1192257,2.041307655,50.58107463,152.5621556,489.8716863,261.230175,1016.158735,185.1598517,0.848130453,41,35,35,30
201806,Jun-18,2018,332140037,353.7814985,129.8879846,20.85566095,57.14457122,7.487805513,69.31112614,29.19551671,201.3969788,609.9324906,0,39.16721428,126.0311776,7.563074969,1.387968774,50.80086145,277.9279512,471.804006,399.611565,868.1488766,290.4046163,0.848130453,41,35,35,30
201807,Jul-18,2018,332140037,372.3188602,134.2174837,21.46383816,62.68741398,7.725656994,71.14469009,29.9993945,183.4105896,640.341351,0,40.16980344,131.212727,7.725656994,1.424098113,74.99848626,220.0939118,531.6191375,356.584533,730.5532997,392.469999,0.848130453,41,35,35,30
201808,Aug-18,2018,332140037,370.1179813,134.2174837,21.59932318,59.71878663,7.490816291,68.16401962,28.75594308,181.8269202,641.0007114,0,40.74185131,128.7770074,8.99018386,2.047329211,47.44986525,160.0078102,609.0804404,323.4509184,615.996198,255.6331383,0.848130453,41,35,35,30
201809,Sep-18,2018,332140037,345.6704619,129.8879846,20.65694959,51.02968059,6.76822951,59.93556266,25.71806783,162.0190101,593.5659,0,37.47816768,112.801818,8.460286888,2.998735139,39.86571483,179.8428173,530.8303136,310.4202701,922.3699822,270.4612212,0.848130453,41,35,35,30
201810,Oct-18,2018,332140037,356.6266839,134.2174837,21.20792201,50.06623155,6.138976856,53.84776904,22.6350309,135.0303938,622.9541066,0,39.4411951,118.0465937,7.551031856,1.616787921,53.19443016,197.1457599,545.2549522,248.1242573,725.811324,298.4313511,0.848130453,41,35,35,30
201811,Nov-18,2018,332140037,354.4830098,129.8879846,20.57866935,51.18624106,4.841331429,43.01498889,17.88101204,101.7191432,614.2168281,0,38.59215563,119.7055325,4.212078774,0.43054129,37.19515452,131.2187486,706.2954593,142.3405634,733.889242,176.5159074,0.848130453,41,35,35,30
201812,Dec-18,2018,332140037,379.8789244,134.2174837,21.84921777,53.23357027,4.371650022,39.98012441,16.81820732,84.49147008,642.9486849,0,40.40765492,123.6918029,6.078761291,1.201300523,27.58475034,124.2036352,453.6700886,161.6848137,694.0626673,163.8345094,0.848130453,41,35,35,30
201901,Jan-19,2019,334319671,369.3919644,138.5889136,21.78753041,58.25562086,4.576458201,40.08438977,17.55505437,94.45450788,625.5599599,0,38.89092126,123.1994512,4.989236783,1.606247094,37.56883333,86.89886513,652.7076296,177.0401359,842.7861847,98.29514339,0.865093062,43,34,35,32
201902,Feb-19,2019,334319671,334.0096611,125.1766008,19.66979682,48.0946872,4.86061737,43.57506083,18.90107148,101.154682,566.6373128,0,35.40922365,106.3263789,4.570475902,1.310123328,23.62708714,133.5248981,611.2652582,148.2742546,595.0352829,154.8757207,0.865093062,43,34,35,32
201903,Mar-19,2019,334319671,358.5699867,138.5889136,21.52430929,48.26817385,6.957412925,62.25478728,26.18751082,155.5906054,609.4197191,0,38.2298773,111.7313854,5.70711258,1.247309196,38.7593107,136.9198524,629.3168433,215.8532873,706.2252702,157.0622508,0.865093062,43,34,35,32
201904,Apr-19,2019,334319671,336.7495537,134.1171456,20.45946019,40.95481417,7.60948344,69.63395223,28.93637688,178.2007018,585.3200304,0,35.71731201,100.532523,6.392085735,2.090813256,38.19697466,237.0096853,580.1872185,233.1929789,721.5698654,218.4376402,0.865093062,43,34,35,32
201905,May-19,2019,334319671,347.1049121,138.5889136,21.1234953,48.13058099,8.447005202,76.51359528,31.12290691,188.9957591,605.806411,0,36.76122306,109.5628022,9.799004618,3.06293673,38.59479749,206.0064243,599.3455288,283.7254527,571.6205673,252.3094132,0.865093062,43,34,35,32
201906,Jun-19,2019,334319671,342.4327371,134.1171456,20.47441594,48.63608519,8.527766229,78.03908134,31.46988022,210.3764932,596.6654591,0,36.9885504,109.7572269,9.212739384,1.561379857,48.77966035,212.4822622,632.9660452,394.0958652,579.8611832,307.3944159,0.865093062,43,34,35,32
201907,Jul-19,2019,334319671,359.7036323,138.5889136,21.51533584,56.08703773,8.808934249,81.38019495,33.05219812,214.504279,617.9235562,0,37.75727573,118.9460371,11.1001545,4.070953994,37.67950585,250.9723695,685.3171377,327.6145842,875.3298875,328.1260707,0.865093062,43,34,35,32
201908,Aug-19,2019,334319671,361.1393839,138.5889136,21.38372528,57.63346184,8.527766229,78.32324051,31.44295987,207.8340164,615.4558581,0,38.04442605,121.0757353,9.042243883,2.351043233,33.95851631,203.6793103,700.284848,316.3469253,766.8319343,298.8307559,0.865093062,43,34,35,32
201909,Sep-19,2019,334319671,339.2591278,134.1171456,20.69276983,50.42180123,7.708191362,69.26903203,27.95527996,179.8936922,573.2327967,0,36.48902849,109.2218112,6.783926274,3.463750717,38.57984175,203.2814874,490.0429565,253.4968994,582.3468282,292.4416613,0.865093062,43,34,35,32
201910,Oct-19,2019,334319671,349.5157783,138.5889136,21.39269873,43.77546782,6.966386372,61.00448693,24.69193624,160.8879305,600.5689088,0,37.65856781,105.2944324,8.710226327,1.83058328,54.81879049,154.4539687,580.9379969,314.4056695,631.9939218,215.4105972,0.865093062,43,34,35,32
201911,Nov-19,2019,334319671,348.5765574,134.1171456,20.78549545,47.00291776,5.419962261,48.27714729,19.14634571,115.1472777,601.8670675,0,36.69541778,107.9176702,4.229484899,0.484566162,22.21227359,101.3311598,611.0379308,214.3098544,746.4801555,164.1602477,0.865093062,43,34,35,32
201912,Dec-19,2019,334319671,362.0457021,138.5889136,21.34184919,52.53953483,4.866599668,43.64385726,18.21011603,91.18518186,629.6279228,0,37.8589748,116.8791531,6.667271457,1.746831104,22.21825589,81.15585876,626.2239951,180.0133382,815.7432053,130.7879966,0.865093062,43,34,35,32
202001,Jan-20,2020,335942003,357.2402347,111.1322778,21.43822426,51.73809719,5.122908075,47.02002089,20.03321984,115.5020797,625.4502209,0,38.66441196,116.9547114,4.610914938,1.881277108,47.07955498,132.8294753,427.8238467,161.4058365,749.8288328,205.0383679,0.873743993,44,33,34,35
202002,Feb-20,2020,335942003,336.3169803,103.9613972,20.04512666,48.8328338,5.682528481,53.49732942,22.73309063,144.1111846,582.0974997,0,35.86928664,108.7330541,6.251078999,0.535806771,30.46359166,210.402389,386.9596503,185.3415156,915.6431683,230.3165407,0.873743993,44,33,34,35
202003,Mar-20,2020,335942003,350.2687933,111.1322778,21.00064873,46.76700103,7.813848749,69.56855586,29.45746561,164.4480283,590.0631604,0,36.89624962,111.5192494,10.15949173,2.783218507,39.76876925,180.8943194,587.3781731,303.8441132,649.8621728,238.2732712,0.873743993,44,33,34,35
202004,Apr-20,2020,335942003,331.8668074,107.5453491,19.94391871,37.91725919,8.468723692,78.22481192,32.47882046,205.2169701,486.9977512,0,33.35099481,97.60018011,12.02588531,3.911389431,63.01087631,281.1497198,402.7927404,379.5357498,679.7453071,446.5175496,0.873743993,44,33,34,35
202005,May-20,2020,335942003,339.1240124,111.1322778,20.89944079,41.49525774,9.424245768,88.16105082,35.90203039,250.0610202,523.3135435,0,36.52118488,102.5623462,7.822778862,0.884081173,43.44202234,367.5902355,640.8159685,379.7143521,616.0319286,373.564481,0.873743993,44,33,34,35
202006,Jun-20,2020,335942003,322.0407065,107.5453491,20.54818968,41.68279011,9.576057686,88.16998094,35.80677585,250.0639969,534.7470647,0,36.58964908,98.08835961,12.25806825,3.527394578,81.28188722,372.5970521,427.8833808,444.9964537,595.7903394,516.6278657,0.873743993,44,33,34,35
202007,Jul-20,2020,335942003,327.9732782,111.1322778,20.86372034,48.61553439,9.995772991,90.64957561,37.19987346,274.9254311,559.7573341,0,37.52433422,108.1734337,13.29693804,3.628602524,47.24625042,387.647269,498.4134122,524.2214383,768.9482044,564.7641507,0.873743993,44,33,34,35
202008,Aug-20,2020,335942003,331.0571438,111.1322778,20.84883682,52.77101357,9.632615068,86.01484703,35.50315201,241.4523914,561.3617777,0,37.42014957,113.5315014,8.284168026,3.441070154,79.52860839,352.5221584,433.2801457,327.8929072,541.3583249,439.3347622,0.873743993,44,33,34,35
202009,Sep-20,2020,335942003,320.3975658,107.5453491,19.83973406,43.98378252,8.620535611,75.989307,31.57985576,200.3738723,544.0998695,0,35.78891562,101.1841321,11.89788703,1.52109589,57.47718305,286.5375545,540.944563,373.5466208,531.2375303,443.2104312,0.873743993,44,33,34,35
202010,Oct-20,2020,335942003,334.6143054,111.1322778,20.59581695,42.12036564,7.801941932,67.95518213,27.53749134,183.6983749,575.5338668,0,36.35151273,99.92200945,7.569758998,3.399396294,33.32122777,216.7665828,544.055219,223.8570924,804.3441951,253.2193035,0.873743993,44,33,34,35
202011,Nov-20,2020,335942003,333.5784123,107.5453491,20.05405677,46.06747552,6.06354663,55.86083262,21.93533388,149.4960426,575.7392594,0,35.76510199,103.0802927,5.581320535,0.559620406,34.22019247,222.7497584,588.4051361,240.3569642,843.2110229,202.591517,0.873743993,44,33,34,35
202012,Dec-20,2020,335942003,350.614091,111.1322778,20.84288341,49.80919281,5.43843873,51.15466315,20.95004476,132.0912527,596.0582428,0,36.78908826,111.4091113,5.658714847,1.023986274,36.66406668,134.7345661,447.2170751,203.3475999,610.2928427,219.0348314,0.873743993,44,33,34,35
202101,Jan-21,2021,336997624,348.6018643,116.8821297,20.71824696,51.73626981,5.783423565,54.23183636,23.28503064,147.950598,585.2949278,0,36.37711107,112.3865491,4.338309519,2.712185294,35.86078696,201.2150685,667.046246,198.8767731,763.4237801,224.5920879,0.917431193,47,33,36,37
202102,Feb-21,2021,336997624,305.1178782,105.5734446,19.1425682,48.83120482,6.151378682,57.56123669,25.12183884,165.8320297,497.2883726,0,32.65601659,103.858299,8.673651658,0.575671715,57.53156289,210.6068261,397.2936023,275.0405148,659.1559827,310.6728135,0.917431193,47,33,36,37
202103,Mar-21,2021,336997624,333.0053152,116.8821297,20.6826384,51.95882331,8.848727076,80.78098497,34.70350877,239.5951611,572.5351939,0,37.00916301,113.487447,8.142490643,0.810094732,67.67406764,285.1207046,391.8989055,473.1071932,882.1011747,289.3937317,0.917431193,47,33,36,37
202104,Apr-21,2021,336997624,325.8806359,113.1135571,19.82803297,37.3652486,9.614311109,91.54367213,38.54923321,279.8892137,556.0395286,0,34.98837725,94.54666066,12.88436384,3.661746885,79.7987822,411.4391026,565.6538397,541.2797807,822.6912603,599.1792987,0.917431193,47,33,36,37
202105,May-21,2021,336997624,348.3852456,116.8821297,20.34732447,46.62940888,10.60244864,101.0066469,41.78367738,317.7796886,600.0517084,0,36.14862282,106.3212244,8.801248996,2.020785761,55.57309211,422.6498641,473.6977018,612.5265738,601.4434096,557.5054143,0.917431193,47,33,36,37
202106,Jun-21,2021,336997624,330.4771075,113.1135571,20.30874853,51.56119439,10.6083834,102.5407823,42.05667634,306.2395478,572.2325211,0,35.89342814,109.1966156,12.73006008,4.103886501,65.60877118,290.9278672,577.3186104,466.0626331,746.0171292,377.103549,0.917431193,47,33,36,37
202107,Jul-21,2021,336997624,352.0766663,116.8821297,21.08620208,54.20216256,10.88731712,103.8731359,43.46914921,308.0437149,600.3276747,0,37.95278984,113.7693481,13.39178581,4.15729934,93.02439474,406.6200775,696.6369591,475.5997924,789.6524517,512.0184468,0.917431193,47,33,36,37
202108,Aug-21,2021,336997624,334.987525,116.8821297,21.10400636,57.58794311,10.5787096,97.89089789,41.77477524,305.4561595,568.366025,0,37.59670424,116.2678821,14.91701912,1.958470781,97.33599783,415.4213265,631.3694366,387.3469446,816.121481,630.2596365,0.917431193,47,33,36,37
202109,Sep-21,2021,336997624,331.082453,113.1135571,20.40667207,48.54930372,9.658821808,86.70981016,37.33557481,287.1296208,556.4312228,0,36.08037308,106.7069838,10.14250474,2.602392235,65.71262948,358.9135097,415.6557495,353.5010087,706.2126942,402.3767242,0.917431193,47,33,36,37
202110,Oct-21,2021,336997624,328.7352554,116.8821297,20.7123122,49.20212731,8.676619038,76.09252462,32.44236523,238.9007941,586.7608135,0,36.75100095,104.1906456,8.243381562,3.807148504,45.74512965,355.963934,479.4455168,438.0208924,756.8124575,496.5049843,0.917431193,47,33,36,37
202111,Nov-21,2021,336997624,317.0793869,113.1135571,20.04168433,41.15459283,6.783430616,66.72450605,25.89335763,203.390158,575.4907043,0,36.12785116,96.46062074,6.445149299,1.335320987,30.03878745,288.8150927,535.6150523,360.3230152,672.6753658,313.566009,0.917431193,47,33,36,37
202112,Dec-21,2021,336997624,326.818328,116.8821297,21.03278924,51.70362863,6.005977063,56.51375156,24.25239651,164.1851338,591.840968,0,37.91718128,112.6506459,4.685492975,1.697341344,28.62037983,198.6660891,490.6177024,218.3338836,757.2575645,189.2683967,0.917431193,47,33,36,37
202201,Jan-22,2022,338289857,325.368904,121.4461479,20.90219335,49.18858682,6.334804179,64.84675655,26.61031602,206.1604821,582.4531712,0,37.25207759,106.0688024,7.730057363,0.650329874,46.83557509,195.8527536,584.1056003,246.203066,834.6422281,326.3828274,1,48,32,37,42
202202,Feb-22,2022,338289857,296.8312467,109.6958695,18.96598395,54.20499498,6.763430687,71.26137394,29.60478948,237.0747994,523.9205265,0,33.90879083,106.2964179,8.930211585,3.564990126,34.34332942,213.3673195,494.0910776,334.3641486,597.7152309,325.2506622,1,48,32,37,42
202203,Mar-22,2022,338289857,309.8467123,121.4461479,20.64797349,49.58765287,9.618970042,98.34761318,40.51850718,306.2787661,564.3562645,0,37.73982499,106.1131431,13.17804808,1.968725891,69.28673596,303.2163036,551.6837001,436.5753124,814.4406174,325.6260799,1,48,32,37,42
202204,Apr-22,2022,338289857,307.2897335,117.5293884,19.85279742,38.57934174,10.44075052,108.9450341,44.20765119,347.2672845,542.0292575,0,35.51096715,89.50608294,13.05093815,5.447990715,61.89071167,340.323535,468.754817,546.6229512,573.6618937,521.6828006,1,48,32,37,42